path_base64,size,sha256
TUVBU1VSRU1FTlRTLUNPTVBMRVRF,317,dbedb57dd1b47e5a7c7750c2875abfb1612d530194a773abe98a68996bbab127
YW5hbHlzaXMvYXJtcy5jc3Y=,5849,4787682d650b16ed29946580554fc325d4efed7650c9ac50fb6c8fe2177eb7a7
YW5hbHlzaXMvZGlhbC1zYW1wbGVzLmNzdg==,21743,1194c9a9303bebe616e43c27719cf4fb2c679e26ead47f893c08e7f447c02987
YW5hbHlzaXMvaW5wdXQtZmlsZXMuY3N2,6959,1e281445822fac317e1739194a6c19505bd9295c892e7987d52d100e62d8f386
YW5hbHlzaXMvcGFpcnMuY3N2,3106,846ed8993b3f1aff9a42be95b0170078dc5df6678329d1b12f190c3b54aef8bf
YW5hbHlzaXMvc3VtbWFyeS5qc29u,5229,cc6eaec14903e87007eab354d335e20e4c81c78a7a7f783719be51ab78bf8411
YW5hbHlzaXMvc3VtbWFyeS5tZA==,1162,42a56fb616d15bcb0f60aec3ff0aa2e1092d0908e83c19d731e075e5cd6c8d42
YW5hbHl6ZXItcmVzdWx0LnR4dA==,173,6b128ea5def8e5d83ba71559c8eac74576f7f03ca8a5a014e13e25343179c8ec
YXJ0aWZhY3QtYnVpbGQudHh0,219,39375ff48a00ce6479376cf564a98814f1793b25c6885e87c6e87c63c24e3a46
ZW5kcG9pbnQvcS9sZHQ0LTAwMS9jbGllbnQtZXhpdC50eHQ=,27,014383cc1fd8ed66e72d1aaaf9be33e2adb42934724c46b01621e9861e24a366
ZW5kcG9pbnQvcS9sZHQ0LTAwMS9jbGllbnQtaWRlbnRpdHkuanNvbg==,539,72a810a843860425d3c76978a4cba9f32d0221ae6cc8ac4c80f221dfd00685be
ZW5kcG9pbnQvcS9sZHQ0LTAwMS9jbGllbnQuZXJy,37272,c217642a4b13ed2518ff641be0183f6a827b819889482dacce178764f656fcd7
ZW5kcG9pbnQvcS9sZHQ0LTAwMS9jbGllbnQub3V0,108,0c94690502101912574daf0b378c60294022d6482c90b7de6a2403abbb47eaff
ZW5kcG9pbnQvcS9sZHQ0LTAwMS9jbGllbnQucGlk,6,5475ebddbbc14a3f8189f8326d6ca3c022df39ab6c7c6e2fa9240d0a151990ce
ZW5kcG9pbnQvcS9sZHQ0LTAwMi9kYWVtb24uZXJy,37435,c3b129596042396395c6144f2bccd99554d886cdf59f1a039ae7b44801f9f8f3
ZW5kcG9pbnQvcS9sZHQ0LTAwMi9kYWVtb24ub3V0,35,ee6c52b6271ebc4d1154957dafca85fe7020607cda6124682c722c947e28505d
ZW5kcG9pbnQvcS9sZHQ0LTAwMi9kYWVtb24ucGlk,6,7f19fb5a4e351a34637f518b47b449eb05f81cde3a7ddc94b2426f46fa66a444
ZW5kcG9pbnQvcS9sZHQ0LTAwMi9kYWVtb24udG9tbA==,150,e04089366f55ddfbd8578847c3a66beed15d8e046a376760697a7d2050ab2f19
ZW5kcG9pbnQvcS9sZHQ0LTAwMy9jbGllbnQtZXhpdC50eHQ=,27,ca4ec5fadcc2f9cc6e5fb9a5a95e0d89f1bdce724f9dc772557fbc1e91e422f0
ZW5kcG9pbnQvcS9sZHQ0LTAwMy9jbGllbnQtaWRlbnRpdHkuanNvbg==,593,2c5b329f73fa3bab85b8a20bc2a2081ce612b66fc9881ab6a86f6f6c49416233
ZW5kcG9pbnQvcS9sZHQ0LTAwMy9jbGllbnQuZXJy,22378,85493bd0b29ba5be68a06d01bc313dfeb9037d10d23ee6c80b5a8086751f428e
ZW5kcG9pbnQvcS9sZHQ0LTAwMy9jbGllbnQub3V0,148,b8d6a3d4d9a9a096dc182dfef27f3134adcc6b8a9e37342e15730864e32c7e0a
ZW5kcG9pbnQvcS9sZHQ0LTAwMy9jbGllbnQucGlk,6,7c648ae6b312bce73e39a851b703f0a3a371147b466617b9101fb2b11677148d
ZW5kcG9pbnQvcS9sZHQ0LTAwNC9kYWVtb24uZXJy,9874,f46b3bdae56fe034ad4456d1e7ffa2e792a86e1e1dcdac56d14f5be42f9b86b4
ZW5kcG9pbnQvcS9sZHQ0LTAwNC9kYWVtb24ub3V0,35,ee6c52b6271ebc4d1154957dafca85fe7020607cda6124682c722c947e28505d
ZW5kcG9pbnQvcS9sZHQ0LTAwNC9kYWVtb24ucGlk,6,f530a02e12d540bc86ad8d6c432217e937f3a4e02b7a96d3db6f94f457f06c92
ZW5kcG9pbnQvcS9sZHQ0LTAwNC9kYWVtb24udG9tbA==,178,e14ea2b2bfe0e46ed818d6857bdc8aa56f3856153d8e6f15a05b67ebca945465
ZW5kcG9pbnQvd2luZG93cy9sZHQ0LTAwMS9kYWVtb24taWRlbnRpdHkudHh0,489,c55ff6b360ed52b1c58d50027284d860aa7d9e469b980828f635c1499d112af5
ZW5kcG9pbnQvd2luZG93cy9sZHQ0LTAwMS9kYWVtb24uZXJy,9718,f92ab54a97865a301eff502267825c624d6a899e4c972d36c68ecfa67316953e
ZW5kcG9pbnQvd2luZG93cy9sZHQ0LTAwMS9kYWVtb24ub3V0,35,ee6c52b6271ebc4d1154957dafca85fe7020607cda6124682c722c947e28505d
ZW5kcG9pbnQvd2luZG93cy9sZHQ0LTAwMS9kYWVtb24ucGlk,4,920a6421f4b7573cfb0d0fb8d61252665275d0b97bc18683638dee3e8a015f01
ZW5kcG9pbnQvd2luZG93cy9sZHQ0LTAwMS9kYWVtb24udG9tbA==,172,faddd320be515b7c731e4a97bebe6de7b8cbdfb3a004f15b427676295af52b2a
ZW5kcG9pbnQvd2luZG93cy9sZHQ0LTAwMS9sYXVuY2hlci5waWQ=,4,41e1ab5f6a32e9bbbdfe36806f9667426ae85ab99451d3efc0f62c56ff6e7a37
ZW5kcG9pbnQvd2luZG93cy9sZHQ0LTAwMS9zdGFydC5jbWQ=,725,08e0e6afcfb4b7cf91d1d64613dd5b01cab6825d31e6dbf4c8cf0fc88dace297
ZW5kcG9pbnQvd2luZG93cy9sZHQ0LTAwMi9jbGllbnQtY29udHJvbGxlci5waWQ=,5,dd8d68b69f04e5be49581815243818f537b7ef9a7ad4501a35f1996aa13573fc
ZW5kcG9pbnQvd2luZG93cy9sZHQ0LTAwMi9jbGllbnQtY29udHJvbGxlci5wczE=,4443,d3078d88722350152d9b43a6d7af23a93fc8b3b4196decd630d83c97a07eda88
ZW5kcG9pbnQvd2luZG93cy9sZHQ0LTAwMi9jbGllbnQtaWRlbnRpdHkudHh0,304,87af20ea6d4defd95ac328b91db629fd5df1b957cbb0ad00c8f97d4f41ab38cc
ZW5kcG9pbnQvd2luZG93cy9sZHQ0LTAwMi9jbGllbnQtcmVzdWx0LnR4dA==,23,4de5884121d159c4c30842b1678895d8c78b64db9f7c48c446f4456ef81ba0fc
ZW5kcG9pbnQvd2luZG93cy9sZHQ0LTAwMi9jbGllbnQuZXJy,9905,02a8e65e8a6b60341612ec3a39e8ffe1cfff44c80d401c349bf44acc5c1c1431
ZW5kcG9pbnQvd2luZG93cy9sZHQ0LTAwMi9jbGllbnQub3V0,142,53cb05ddae92d113a599beaef44503e2a4ecb6becbe44fb9e228f45c5c92105a
ZW5kcG9pbnQvd2luZG93cy9sZHQ0LTAwMi9jbGllbnQucGlk,5,2add69ab22442d6772fd017cb65ec5abdd674392233f25fdf9a228b5f1970c57
ZW5kcG9pbnQvd2luZG93cy9sZHQ0LTAwMy9kYWVtb24taWRlbnRpdHkudHh0,491,19608ea15d672ac7c6a3306e4e40300a7fde5179a093d34f7016d598faa33924
ZW5kcG9pbnQvd2luZG93cy9sZHQ0LTAwMy9kYWVtb24uZXJy,46384,3aeb415e9ccac0fb75a246ff87864e6f5612c23ac5b8a5c8c3b8a90b85b5599e
ZW5kcG9pbnQvd2luZG93cy9sZHQ0LTAwMy9kYWVtb24ub3V0,35,ee6c52b6271ebc4d1154957dafca85fe7020607cda6124682c722c947e28505d
ZW5kcG9pbnQvd2luZG93cy9sZHQ0LTAwMy9kYWVtb24ucGlk,4,2e2195595695ad1b86da7180e2921842c9434740987dcfec23c51c0506acc3b3
ZW5kcG9pbnQvd2luZG93cy9sZHQ0LTAwMy9kYWVtb24udG9tbA==,144,e611d5694e41aa183febc3b604b7f79422e05a2da18a842af8eb8d46fa6fe783
ZW5kcG9pbnQvd2luZG93cy9sZHQ0LTAwMy9sYXVuY2hlci5waWQ=,5,e1e2efcacb8e5c65fe2a8a14f3b535034bd28e7275abd111d6c37da19adee2cc
ZW5kcG9pbnQvd2luZG93cy9sZHQ0LTAwMy9zdGFydC5jbWQ=,725,f3f8604d44215ded3fe5a92042cb46b106f68fe19b4cb178a12d6db6554ec59c
ZW5kcG9pbnQvd2luZG93cy9sZHQ0LTAwNC9jbGllbnQtY29udHJvbGxlci5waWQ=,4,3446a7e3222db2ab0c3fbea0dc015b90d25bd596e253dd1dc64e6d8a34367c8a
ZW5kcG9pbnQvd2luZG93cy9sZHQ0LTAwNC9jbGllbnQtY29udHJvbGxlci5wczE=,4389,f7c3588fe61cda2799718b5010bdd21742c704ee5572cbaabb57236b87506c85
ZW5kcG9pbnQvd2luZG93cy9sZHQ0LTAwNC9jbGllbnQtaWRlbnRpdHkudHh0,276,5bf4688cd6d5c0d52e26178aaad6589ea999b6a2e2cbc0e72f1a2767aebb846b
ZW5kcG9pbnQvd2luZG93cy9sZHQ0LTAwNC9jbGllbnQtcmVzdWx0LnR4dA==,23,563762156a87ba03cfa8b9c00e8d62eec8f47872004aced331aa00e6fcc1e80c
ZW5kcG9pbnQvd2luZG93cy9sZHQ0LTAwNC9jbGllbnQuZXJy,30990,9bc54e76c3ce2b3d41c80cceeeb31b362638414c46381d3815f214923f1e7583
ZW5kcG9pbnQvd2luZG93cy9sZHQ0LTAwNC9jbGllbnQub3V0,107,4cc9dd5bcf9646c332debb74d54ad47cc37e9ed2b2f4d2d1bdb447d57ef65f77
ZW5kcG9pbnQvd2luZG93cy9sZHQ0LTAwNC9jbGllbnQucGlk,5,a549ac35757a2da4bd74d0e717e2b4e27c1208a48ac26397b9c59aae5188c623
ZW52aXJvbm1lbnQtZW5kLnR4dA==,503,fa0cfd3f7040042e8cfd630c1dbc75aa6f60e83c262d6a32a4d824473122f152
ZW52aXJvbm1lbnQtc3RhcnQudHh0,505,8016f32a6709101b0ba9a650330c30ae321c583592642a2730650978f1deffe8
Zml4dHVyZS1tYW5pZmVzdHMuY3N2,160,f23efd94d887d5aac365022e3d00b3269af6cb2c8b185784a41fcf35f1fe738f
bWFuaWZlc3RzL2xhbmRlZC9sZHQ0LTAwMS5jc3Y=,3880,df87fa1a8df6c455563232cafa0b2092d4f57771f798e74b86c3d67ac71f0c4d
bWFuaWZlc3RzL2xhbmRlZC9sZHQ0LTAwMi5jc3Y=,3880,df87fa1a8df6c455563232cafa0b2092d4f57771f798e74b86c3d67ac71f0c4d
bWFuaWZlc3RzL2xhbmRlZC9sZHQ0LTAwMy5jc3Y=,3880,df87fa1a8df6c455563232cafa0b2092d4f57771f798e74b86c3d67ac71f0c4d
bWFuaWZlc3RzL2xhbmRlZC9sZHQ0LTAwNC5jc3Y=,3880,df87fa1a8df6c455563232cafa0b2092d4f57771f798e74b86c3d67ac71f0c4d
bWFuaWZlc3RzL3NvdXJjZS9xX3RvX3dpbmRvd3NfaG9yaXpvbi5jc3Y=,3880,df87fa1a8df6c455563232cafa0b2092d4f57771f798e74b86c3d67ac71f0c4d
bWFuaWZlc3RzL3NvdXJjZS93aW5kb3dzX3RvX3FfaG9yaXpvbi5jc3Y=,3880,df87fa1a8df6c455563232cafa0b2092d4f57771f798e74b86c3d67ac71f0c4d
cGFyZW50LWV2aWRlbmNlLnR4dA==,166,49ba5858e3d5b6b21f5b187b0db09b760a0f1ff42ea090f17587dba08d9d342d
cGF5bG9hZC12b2x1bWUtZW5kLnR4dA==,202,66d84bea21a9630259ec04c68a855bb862f6c31ac69f4f25f9ff2700ccfe217d
cGF5bG9hZC12b2x1bWUtc3RhcnQudHh0,204,49e0664a8fb390018b1d5993f7e6bce55b7f5804ba5f03e83390a178c259896f
cHJlZGVjZXNzb3ItZXZpZGVuY2UudHh0,176,afbf6cd6438c3d4bfdcfc772c28f043c9a9541a8fa89aae6d984d2a1c65b14dc
cHJvdmVuYW5jZS5jc3Y=,108,41128beaee9a336ba130a654f81c6344fbbe495145c331fc98e70f697605e01d
cnVucy5jc3Y=,2109,ae6b62f3898e6426968fd46f20ad82541761680c23b282166bb284a8e089eb2f
cnVudGltZS1nYXRlcy5jc3Y=,379,3deef47a18f3f38ea4d8cfaf2f8a3349142fcbf6c97c37ea082d2916f13e27b2
c2NoZWR1bGUuY3N2,242,fdcb3b7655c258e5b428dc09c9ffe43c5601c7d099da3740d041deaaa230c246
c3RhZ2luZy1tYW5pZmVzdC5jc3Y=,1015,046f6dfeb25dd0f38e4756c919b29e4e4c480547778eb97de31ab02074eaf908
d2luZG93cy1ydW50aW1lLXJlc3RvcmF0aW9uLnR4dA==,199,01fdc658347e3a2b39e1e8421e6af7235c80e4cdaa4410b400a168e071e5b120
d2luZG93cy1ydW50aW1lLXN3YXAudHh0,163,3091c39f6e386075e1c9c38ab3d1a1e7fcaae459d133ce1e44a3a845d7bc982f
